"Status","Start Time","Stop Time","Duration in ms","Parent Suite","Suite","Sub Suite","Test Class","Test Method","Name","Description"
"passed","Fri Jan 08 16:50:00 CST 2021","Fri Jan 08 16:50:00 CST 2021","0","","test_calculator","TestCal","","","test_add[小数相加]",""
"passed","Fri Jan 08 16:50:00 CST 2021","Fri Jan 08 16:50:00 CST 2021","0","","test_calculator","TestCal","","","test_add[负数相加]",""
"passed","Fri Jan 08 16:50:00 CST 2021","Fri Jan 08 16:50:00 CST 2021","0","","test_calculator","TestCal","","","test_mul[正数乘负数]",""
"passed","Fri Jan 08 16:50:00 CST 2021","Fri Jan 08 16:50:00 CST 2021","0","","test_calculator","TestCal","","","test_add[大数相加]",""
"passed","Fri Jan 08 16:50:00 CST 2021","Fri Jan 08 16:50:00 CST 2021","0","","test_calculator","TestCal","","","test_div[0为被除数]",""
"passed","Fri Jan 08 16:50:00 CST 2021","Fri Jan 08 16:50:00 CST 2021","0","","test_calculator","TestCal","","","test_mul[整数乘以小数]",""
"passed","Fri Jan 08 16:50:00 CST 2021","Fri Jan 08 16:50:00 CST 2021","1","","test_calculator","TestCal","","","test_mul[正数乘正数]",""
"passed","Fri Jan 08 16:50:00 CST 2021","Fri Jan 08 16:50:00 CST 2021","0","","test_calculator","TestCal","","","test_sub[正数大减小]",""
"passed","Fri Jan 08 16:50:00 CST 2021","Fri Jan 08 16:50:00 CST 2021","0","","test_calculator","TestCal","","","test_div[正整数除以负整数]",""
"passed","Fri Jan 08 16:50:00 CST 2021","Fri Jan 08 16:50:00 CST 2021","0","","test_calculator","TestCal","","","test_sub[大负数减小负数]",""
"passed","Fri Jan 08 16:50:00 CST 2021","Fri Jan 08 16:50:00 CST 2021","0","","test_calculator","TestCal","","","test_mul[0乘以任意数]",""
"passed","Fri Jan 08 16:50:00 CST 2021","Fri Jan 08 16:50:00 CST 2021","0","","test_calculator","TestCal","","","test_sub[正数小数减大数]",""
"passed","Fri Jan 08 16:50:00 CST 2021","Fri Jan 08 16:50:00 CST 2021","1","","test_calculator","TestCal","","","test_mul[负数乘负数]",""
"passed","Fri Jan 08 16:50:00 CST 2021","Fri Jan 08 16:50:00 CST 2021","0","","test_calculator","TestCal","","","test_div[0除以任意数]",""
"passed","Fri Jan 08 16:50:00 CST 2021","Fri Jan 08 16:50:00 CST 2021","0","","test_calculator","TestCal","","","test_add[0加任意数]",""
"passed","Fri Jan 08 16:50:00 CST 2021","Fri Jan 08 16:50:00 CST 2021","0","","test_calculator","TestCal","","","test_sub[减去本身]",""
"passed","Fri Jan 08 16:50:00 CST 2021","Fri Jan 08 16:50:00 CST 2021","1","","test_calculator","TestCal","","","test_add[进位]",""
"passed","Fri Jan 08 16:50:00 CST 2021","Fri Jan 08 16:50:00 CST 2021","0","","test_calculator","TestCal","","","test_div[整数除以小数]",""
"passed","Fri Jan 08 16:50:00 CST 2021","Fri Jan 08 16:50:00 CST 2021","0","","test_calculator","TestCal","","","test_div[负整数除以负整数]",""
"passed","Fri Jan 08 16:50:00 CST 2021","Fri Jan 08 16:50:00 CST 2021","1","","test_calculator","TestCal","","","test_sub[小负数减大负数]",""
"passed","Fri Jan 08 16:50:00 CST 2021","Fri Jan 08 16:50:00 CST 2021","0","","test_calculator","TestCal","","","test_div[正整数除以正整数]",""
